<?xml version="1.0" encoding="UTF-8"?>
<project-private xmlns="http://www.netbeans.org/ns/project-private/1">
    <editor-bookmarks xmlns="http://www.netbeans.org/ns/editor-bookmarks/2" lastBookmarkId="0"/>
    <open-files xmlns="http://www.netbeans.org/ns/projectui-open-files/2">
        <group>
            <file>file:/C:/Users/LENOVO/OneDrive/Documents/NetBeansProjects/B1Prak713020210012/src/Servis/BookService.java</file>
            <file>file:/C:/Users/LENOVO/OneDrive/Documents/NetBeansProjects/B1Prak713020210012/src/config/Database.java</file>
            <file>file:/C:/Users/LENOVO/OneDrive/Documents/NetBeansProjects/B1Prak713020210012/src/Servis/BookServiceImpl.java</file>
        </group>
    </open-files>
</project-private>
